{"cameraMode":{"drawMode":0,"name":"Shaded","section":"Shading Mode"},"sceneLighting":false,"audioPlay":false,"sceneViewState":{"m_AlwaysRefresh":false,"showFog":true,"showSkybox":false,"showFlares":true,"showImageEffects":true,"showParticleSystems":true,"showVisualEffectGraphs":true,"m_FxEnabled":true},"in2DMode":false,"pivot":{"x":-11.421197891235352,"y":0.4355286657810211,"z":29.411901473999025},"rotation":{"x":-0.2046089768409729,"y":0.0790938213467598,"z":-0.0026731835678219797,"w":-0.9758359789848328},"size":6.221159934997559,"orthographic":false}