{"cameraMode":{"drawMode":0,"name":"Shaded","section":"Shading Mode"},"sceneLighting":false,"audioPlay":false,"sceneViewState":{"m_AlwaysRefresh":false,"showFog":true,"showSkybox":false,"showFlares":true,"showImageEffects":true,"showParticleSystems":true,"showVisualEffectGraphs":true,"m_FxEnabled":true},"in2DMode":false,"pivot":{"x":21.200000762939454,"y":15.189699172973633,"z":7.184000015258789},"rotation":{"x":0.15507753193378449,"y":0.7193438410758972,"z":-0.17022116482257844,"w":0.6554598212242127},"size":3.3940088748931886,"orthographic":false}