{"cameraMode":{"drawMode":0,"name":"Shaded","section":"Shading Mode"},"sceneLighting":false,"audioPlay":false,"sceneViewState":{"m_AlwaysRefresh":false,"showFog":true,"showSkybox":false,"showFlares":true,"showImageEffects":true,"showParticleSystems":true,"showVisualEffectGraphs":true,"m_FxEnabled":true},"in2DMode":false,"pivot":{"x":21.200000762939454,"y":15.189699172973633,"z":7.184000015258789},"rotation":{"x":0.008058099076151848,"y":0.9915482997894287,"z":-0.07584547996520996,"w":0.1054593026638031},"size":3.3940088748931886,"orthographic":false}