{"cameraMode":{"drawMode":0,"name":"Shaded","section":"Shading Mode"},"sceneLighting":true,"audioPlay":false,"sceneViewState":{"m_AlwaysRefresh":false,"showFog":true,"showSkybox":true,"showFlares":true,"showImageEffects":true,"showParticleSystems":true,"showVisualEffectGraphs":true,"m_FxEnabled":true},"in2DMode":false,"pivot":{"x":30.177303314208986,"y":8.405774116516114,"z":-116.06098175048828},"rotation":{"x":0.09972788393497467,"y":-0.8363818526268005,"z":0.1615087389945984,"w":0.5150014758110046},"size":0.9145808219909668,"orthographic":false}