{"cameraMode":{"drawMode":0,"name":"Shaded","section":"Shading Mode"},"sceneLighting":true,"audioPlay":false,"sceneViewState":{"m_AlwaysRefresh":false,"showFog":true,"showSkybox":true,"showFlares":true,"showImageEffects":true,"showParticleSystems":true,"showVisualEffectGraphs":true,"m_FxEnabled":true},"in2DMode":false,"pivot":{"x":30.290910720825197,"y":8.89998722076416,"z":-114.13558197021485},"rotation":{"x":0.046650853008031848,"y":-0.42543867230415347,"z":0.021575991064310075,"w":0.9039676785469055},"size":0.9145808219909668,"orthographic":false}