{"cameraMode":{"drawMode":0,"name":"Shaded","section":"Shading Mode"},"sceneLighting":false,"audioPlay":false,"sceneViewState":{"m_AlwaysRefresh":false,"showFog":true,"showSkybox":false,"showFlares":true,"showImageEffects":true,"showParticleSystems":true,"showVisualEffectGraphs":true,"m_FxEnabled":true},"in2DMode":false,"pivot":{"x":-0.9502731561660767,"y":0.7297310829162598,"z":-0.06702995300292969},"rotation":{"x":-0.006870774552226067,"y":0.9927284717559815,"z":-0.07204897701740265,"w":-0.09677279740571976},"size":3.701418876647949,"orthographic":false}